accuracy_improvement,precision_improvement,recall_improvement,f1_improvement,auc_roc_improvement,auc_pr_improvement
10.064239828693793,0.08406462724514475,244.94382022471913,113.52056256809253,4.020567517566653,0.9370077618747693
